model,repeat,fold,roc_auc,pr_auc,precision,recall,f1,brier,log_loss,train_roc_auc
LogisticRegression (baseline),0,0,0.8480401660930962,0.6440083885768293,0.6451612903225806,0.5351170568561873,0.5850091407678245,0.1345820138579217,0.4155221270920514,0.8491769858048928
LogisticRegression (baseline),0,1,0.8251074434911864,0.6350898340656664,0.6072874493927125,0.5016722408026756,0.5494505494505495,0.1442901098823566,0.4367559523085613,0.85444813023175
LogisticRegression (baseline),0,2,0.8419651656891733,0.6859938437298919,0.6583333333333333,0.5284280936454849,0.5862708719851577,0.1353343919826066,0.4215143388370141,0.8511818060604713
LogisticRegression (baseline),0,3,0.8630115683518331,0.6786385029589046,0.6642857142857143,0.6220735785953178,0.6424870466321243,0.1286281219718126,0.3988788549429857,0.8455476525496748
LogisticRegression (baseline),0,4,0.85310567672168,0.6645762073962194,0.691304347826087,0.5317725752508361,0.6011342155009451,0.132381333573365,0.4104866908690104,0.8477061723458227
LogisticRegression (baseline),1,5,0.8620280160922883,0.6790030584011528,0.6474820143884892,0.6020066889632107,0.6239168110918544,0.1301232978667021,0.3980771957356,0.8455492939820544
LogisticRegression (baseline),1,6,0.8334383532871246,0.6399288525668194,0.6071428571428571,0.5117056856187291,0.5553539019963702,0.1406164947012802,0.4296928533273652,0.8524953307562002
LogisticRegression (baseline),1,7,0.846985927326192,0.6463871637980266,0.6638297872340425,0.5217391304347826,0.5842696629213483,0.1353567390308918,0.4145274740447076,0.849350725109067
LogisticRegression (baseline),1,8,0.8372251304670965,0.67095179450489,0.6615384615384615,0.5752508361204013,0.6153846153846154,0.1362072740273399,0.429914403979176,0.8522842172993841
LogisticRegression (baseline),1,9,0.853004573892014,0.6680682117816968,0.6964285714285714,0.5217391304347826,0.5965583173996176,0.1322739792983876,0.4102516482260666,0.8483687321264116
LogisticRegression (baseline),2,10,0.8501748986153523,0.6632727852646318,0.6695652173913044,0.5150501672240803,0.5822306238185255,0.1337825181935625,0.4111301138900756,0.8484772305550868
LogisticRegression (baseline),2,11,0.860325481072173,0.6872924276879065,0.6410256410256411,0.5852842809364549,0.6118881118881119,0.1313330922467852,0.4009624940185041,0.8461236690508682
LogisticRegression (baseline),2,12,0.8330041361704877,0.6460729009027334,0.6434426229508197,0.5250836120401338,0.578268876611418,0.1392402961540809,0.432251711952291,0.8526780348064473
LogisticRegression (baseline),2,13,0.855728838479311,0.6656733572152436,0.6733067729083665,0.5652173913043478,0.6145454545454545,0.1312310116254835,0.4057772869896294,0.8470916090986869
LogisticRegression (baseline),2,14,0.8310086422698798,0.6423786692420494,0.644,0.5384615384615384,0.5865209471766849,0.1400373615816857,0.4376879413965299,0.8539133312733265
RandomForest (baseline),0,0,0.8191394826555508,0.5774280843192876,0.5907172995780591,0.4682274247491639,0.5223880597014925,0.1485288054180628,0.4867784420906785,0.9999655299200296
RandomForest (baseline),0,1,0.8103622380559998,0.5921751859235923,0.6025641025641025,0.471571906354515,0.5290806754221389,0.1525229675184978,0.4909533583207006,0.9999664137682338
RandomForest (baseline),0,2,0.8260324269303475,0.648165662166398,0.6721991701244814,0.5418060200668896,0.6,0.1400393136145094,0.4976301099995959,0.999973610817898
RandomForest (baseline),0,3,0.8156455495774967,0.6134248007601437,0.6140350877192983,0.4682274247491639,0.5313092979127134,0.1466305149664223,0.4540552064568249,0.999892549311154
RandomForest (baseline),0,4,0.8450295826879604,0.6509759343139893,0.6792452830188679,0.4816053511705686,0.5636007827788649,0.1367657844583963,0.4459292127636671,0.9999459753122324
RandomForest (baseline),1,5,0.8560620748711485,0.6672353780933085,0.6581818181818182,0.6053511705685619,0.6306620209059234,0.1322575819948784,0.4104961802816447,0.9998866149017815
RandomForest (baseline),1,6,0.80711267833196,0.5713723402330391,0.5875,0.471571906354515,0.5231910946196661,0.153862551284714,0.4745111491597012,0.9999724744416352
RandomForest (baseline),1,7,0.8348339069038503,0.6132491702517098,0.6442307692307693,0.4481605351170568,0.5285996055226825,0.1421867144758726,0.4367175969061424,0.9999425498667156
RandomForest (baseline),1,8,0.8150235083127333,0.5991962251324827,0.635593220338983,0.5016722408026756,0.5607476635514018,0.1473968541048242,0.4919707827879392,0.9999441912990952
RandomForest (baseline),1,9,0.8279330941914402,0.6393908561295686,0.6575342465753424,0.4816053511705686,0.555984555984556,0.1422984048502895,0.4635454704738568,0.999998863966846
RandomForest (baseline),2,10,0.8236270660656295,0.6183035864440836,0.6428571428571429,0.5117056856187291,0.5698324022346368,0.143791606362687,0.4510615645686198,0.99999684339927
RandomForest (baseline),2,11,0.841890439952822,0.6590884139024067,0.6311475409836066,0.5150501672240803,0.567219152854512,0.1374387933303197,0.4203095618236155,0.9999397720580734
RandomForest (baseline),2,12,0.8199493480684406,0.6101075355358065,0.6447368421052632,0.4916387959866221,0.5578747628083491,0.1453868249799969,0.5339479043515162,0.9999506307645842
RandomForest (baseline),2,13,0.8263575848642011,0.6255208524096955,0.6406926406926406,0.4949832775919732,0.5584905660377358,0.1436720033248268,0.4707872024549843,0.9999473478998252
RandomForest (baseline),2,14,0.8258989052585604,0.6213910518194734,0.6497890295358649,0.5150501672240803,0.5746268656716418,0.1447093627852899,0.4724582571262482,0.999989775701614
HistGradientBoosting (baseline),0,0,0.8367626387475159,0.638617674788716,0.6497890295358649,0.5150501672240803,0.5746268656716418,0.1400303595313348,0.4372106378882808,0.9627105705214908
HistGradientBoosting (baseline),0,1,0.8261334076551468,0.6148962513725259,0.6077586206896551,0.471571906354515,0.5310734463276836,0.1475214186088141,0.4488612515384187,0.9604081459490964
HistGradientBoosting (baseline),0,2,0.8377259948621006,0.6796816268810865,0.6447876447876448,0.5585284280936454,0.5985663082437276,0.1367998304732544,0.4341287489381563,0.9606969117838682
HistGradientBoosting (baseline),0,3,0.8419510283877013,0.6485899237441991,0.6371308016877637,0.5050167224080268,0.5634328358208955,0.1384033806492505,0.4251658097493959,0.965157819935373
HistGradientBoosting (baseline),0,4,0.8396064269046761,0.6538971023461169,0.68,0.5117056856187291,0.583969465648855,0.1367125046939446,0.4326326872079029,0.960673309178744
HistGradientBoosting (baseline),1,5,0.859244987316821,0.6889524772735843,0.6418439716312057,0.6053511705685619,0.6230636833046471,0.1311419281614553,0.4018234045134953,0.9586109037575168
HistGradientBoosting (baseline),1,6,0.8218659622251305,0.6239726875378149,0.6060606060606061,0.5351170568561873,0.5683836589698046,0.1467446555791917,0.4561411821258647,0.965454287875926
HistGradientBoosting (baseline),1,7,0.8412522417720905,0.6404109112807083,0.6610169491525424,0.5217391304347826,0.5831775700934579,0.1383558291239237,0.4282868203593533,0.963447952451997
HistGradientBoosting (baseline),1,8,0.8257395828284297,0.6492257293105904,0.6230769230769231,0.5418060200668896,0.5796064400715564,0.1427566200305648,0.4514971127351698,0.9631718130201444
HistGradientBoosting (baseline),1,9,0.8387146999470222,0.6733893776106348,0.6807511737089202,0.4849498327759197,0.56640625,0.137985895724965,0.4309969530960704,0.9616399471668848
HistGradientBoosting (baseline),2,10,0.8340765514678559,0.6465206987713791,0.672566371681416,0.5083612040133779,0.579047619047619,0.1414394427940347,0.4391221590604292,0.9629639824280876
HistGradientBoosting (baseline),2,11,0.8489611103032654,0.6618915562388424,0.6398467432950191,0.5585284280936454,0.5964285714285714,0.1362550224101349,0.4132041813875555,0.9614436372525352
HistGradientBoosting (baseline),2,12,0.8219830998658975,0.6316790212334042,0.6115702479338843,0.4949832775919732,0.5471349353049908,0.144810860357049,0.4561081282053737,0.9651848404376212
HistGradientBoosting (baseline),2,13,0.8469899665551839,0.6598124514865367,0.6495726495726496,0.5083612040133779,0.5703564727954972,0.1361686776487229,0.4178146496606491,0.9617159887635116
HistGradientBoosting (baseline),2,14,0.8272597493458648,0.6371787633403201,0.6378600823045267,0.5183946488294314,0.5719557195571956,0.1436430757717341,0.454461489792018,0.9624538518087667
LogisticRegression (tuned),0,0,0.8485612266330604,0.6455271014355133,0.652,0.5451505016722408,0.5938069216757741,0.13428983272727055,0.4149727541472344,0.8493853214530667
LogisticRegression (tuned),0,1,0.8252851695668331,0.6347275687739855,0.6055776892430279,0.5083612040133779,0.5527272727272727,0.1442017740435031,0.4368078646664392,0.8549201051728857
LogisticRegression (tuned),0,2,0.8412259867836427,0.6848269163118617,0.6625,0.5317725752508361,0.5899814471243042,0.13552421456664737,0.4220283138618926,0.8517247413860154
LogisticRegression (tuned),0,3,0.8635083935178455,0.677798875718143,0.6726618705035972,0.6254180602006689,0.6481802426343154,0.12840032535851847,0.3982888985510115,0.845750432580564
LogisticRegression (tuned),0,4,0.8533361911733186,0.6611395188856442,0.6866952789699571,0.5351170568561873,0.6015037593984962,0.13231258496313208,0.4103358703653985,0.8480598573344321
LogisticRegression (tuned),1,5,0.8615554263002279,0.6793236578370853,0.6487455197132617,0.6053511705685619,0.6262975778546713,0.13022966497732807,0.39814433669665117,0.8459674804467525
LogisticRegression (tuned),1,6,0.8340038453460004,0.6397036510795397,0.6150793650793651,0.5183946488294314,0.5626134301270418,0.14030097323210874,0.42905206713030775,0.8527162928072938
LogisticRegression (tuned),1,7,0.8474423602022846,0.6451567937171878,0.670995670995671,0.5183946488294314,0.5849056603773585,0.13514267847593667,0.41391976172100775,0.8495684042954013
LogisticRegression (tuned),1,8,0.8377663871520205,0.6730063740478629,0.6628787878787878,0.5852842809364549,0.6216696269982238,0.1359773745747028,0.4297222946958392,0.8526016450687836
LogisticRegression (tuned),1,9,0.8521917071414994,0.6632191350665217,0.6991150442477876,0.5284280936454849,0.6019047619047619,0.13245722213115088,0.4111439070855169,0.848861770515244
LogisticRegression (tuned),2,10,0.8502072124472881,0.6643383348662397,0.6785714285714286,0.5083612040133779,0.5812619502868069,0.13364506291226436,0.4107426846587443,0.8488204161864423
LogisticRegression (tuned),2,11,0.8610606207487115,0.682294718501016,0.635036496350365,0.5819397993311036,0.6073298429319371,0.13108809331219914,0.4000797522977711,0.8462633170671592
LogisticRegression (tuned),2,12,0.8333111175738775,0.6450091042244026,0.6584362139917695,0.5351170568561873,0.5904059040590406,0.13919617344725732,0.4322378373118129,0.8530500086364596
LogisticRegression (tuned),2,13,0.8555511124036643,0.6659386311469883,0.6842105263157895,0.5652173913043478,0.6190476190476191,0.13135231890031462,0.4061850480143784,0.8476448980746252
LogisticRegression (tuned),2,14,0.8312432008347049,0.6438286657128044,0.6454183266932271,0.5418060200668896,0.5890909090909091,0.1398329903437234,0.4382035608459271,0.8542114768632963
HistGradientBoosting (tuned),0,0,0.8442352123826605,0.6527566158575487,0.6517857142857143,0.4882943143812709,0.5583173996175909,0.13621317299282468,0.4183328860701332,0.8666860187335415
HistGradientBoosting (tuned),0,1,0.8318994070411839,0.6407616430779045,0.6410256410256411,0.5016722408026756,0.5628517823639775,0.1420858251876222,0.4310251332603592,0.8681994193874881
HistGradientBoosting (tuned),0,2,0.8460871988754787,0.6938736971577008,0.6859504132231405,0.5551839464882943,0.6136783733826248,0.1331922412786645,0.4147107170673342,0.8659207324525827
HistGradientBoosting (tuned),0,3,0.8629267445430016,0.684886620679539,0.6887966804979253,0.5551839464882943,0.6148148148148148,0.12860308090363368,0.39839686844768013,0.8623660212386198
HistGradientBoosting (tuned),0,4,0.861264675075726,0.6780529486397663,0.7136150234741784,0.5083612040133779,0.59375,0.12921861690321504,0.4018700178225712,0.8625470570177566
HistGradientBoosting (tuned),1,5,0.8702114940300196,0.6947323427000471,0.678030303030303,0.5986622073578596,0.6358792184724689,0.12644704746560056,0.39053674836449603,0.8609377225403514
HistGradientBoosting (tuned),1,6,0.8399273746627245,0.653024796860839,0.6540084388185654,0.5183946488294314,0.5783582089552238,0.13721665380348042,0.4217110258230601,0.8673957488416537
HistGradientBoosting (tuned),1,7,0.85182088442958,0.6621677746251873,0.6710526315789473,0.5117056856187291,0.5806451612903226,0.1338191480708715,0.41024592905273133,0.8643088458558631
HistGradientBoosting (tuned),1,8,0.8390528815859628,0.6681153575761175,0.6597510373443983,0.5317725752508361,0.5888888888888889,0.13598872449509775,0.42334283830869524,0.8680255538192849
HistGradientBoosting (tuned),1,9,0.8541247932447134,0.6844821088974622,0.7014218009478673,0.49498327759197325,0.5803921568627451,0.13164937597974535,0.40782154265135173,0.8646652539463268
HistGradientBoosting (tuned),2,10,0.8474201444428286,0.6570094622612939,0.6811594202898551,0.47157190635451507,0.5573122529644269,0.13514843496751633,0.4152620640836157,0.8656665629618107
HistGradientBoosting (tuned),2,11,0.8651200458856414,0.6948975205741726,0.6578947368421053,0.5852842809364549,0.6194690265486725,0.12899416277152695,0.39730301360032805,0.8612682817687872
HistGradientBoosting (tuned),2,12,0.8337089816295866,0.6387432499213925,0.6636771300448431,0.49498327759197325,0.5670498084291188,0.13913723582898166,0.42947524649942376,0.8677943643818264
HistGradientBoosting (tuned),2,13,0.859667086746482,0.6821624773248618,0.6877637130801688,0.5451505016722408,0.6082089552238806,0.1300542620173874,0.4020942253381946,0.8624624869569256
HistGradientBoosting (tuned),2,14,0.8359262839048339,0.6493141883962336,0.6666666666666666,0.5418060200668896,0.5977859778597786,0.13795214124860442,0.4271645258677986,0.86962088301585
RandomForest (tuned),0,0,0.8423387943709305,0.6396581605558811,0.6525821596244131,0.46488294314381273,0.54296875,0.13681188313541787,0.4213457387382789,0.8813231763181207
RandomForest (tuned),0,1,0.8329152731326646,0.6395001042829572,0.6419213973799127,0.4916387959866221,0.5568181818181818,0.1409973647466658,0.4262467713429848,0.8827331667321556
RandomForest (tuned),0,2,0.84589533549836,0.6946698581821177,0.6923076923076923,0.5117056856187291,0.5884615384615385,0.13338917043876564,0.4162241679212412,0.8801842747747701
RandomForest (tuned),0,3,0.8587703779102644,0.6705507454558612,0.6962616822429907,0.4983277591973244,0.580896686159844,0.13105605727604713,0.4063058212814792,0.8782156922955708
RandomForest (tuned),0,4,0.8589211114840682,0.6704023464862123,0.7291666666666666,0.4682274247491639,0.570264765784114,0.1314243818106074,0.40594029850217034,0.8773416167821886
RandomForest (tuned),1,5,0.866386344174624,0.6868093174565523,0.6705426356589147,0.5785953177257525,0.6211849192100538,0.12848112108445608,0.3956479884600798,0.8760257689731906
RandomForest (tuned),1,6,0.834185610650639,0.6382036817961825,0.6588785046728972,0.47157190635451507,0.5497076023391813,0.13938558398996,0.4275397181997343,0.8824194006196029
RandomForest (tuned),1,7,0.8545715993731117,0.662280032267561,0.6813725490196079,0.46488294314381273,0.5526838966202783,0.13305052465929987,0.4086748211486373,0.8788175929227497
RandomForest (tuned),1,8,0.8387055078926534,0.6643974040555518,0.6635514018691588,0.47491638795986624,0.5536062378167641,0.13624441247377184,0.42487379772218625,0.8823282379905232
RandomForest (tuned),1,9,0.8548951968067683,0.6827832037210504,0.694300518134715,0.44816053511705684,0.5447154471544715,0.13221988219815883,0.40785357825382523,0.8789603378007205
RandomForest (tuned),2,10,0.846313395699029,0.6663743528639215,0.700507614213198,0.46153846153846156,0.5564516129032258,0.13537572924780014,0.41549350637406673,0.8805434959378338
RandomForest (tuned),2,11,0.864615142261645,0.696826000219379,0.6640316205533597,0.5618729096989966,0.6086956521739131,0.12897095864158262,0.3978920126388544,0.8771873980417966
RandomForest (tuned),2,12,0.8338281388848496,0.6341093907199775,0.6517412935323383,0.43812709030100333,0.524,0.13961197543303952,0.42971845883898524,0.8819677541871677
RandomForest (tuned),2,13,0.8604062656520123,0.6782735292810429,0.6743119266055045,0.4916387959866221,0.5686653771760155,0.13059029762622648,0.4038177473895088,0.8774063398684229
RandomForest (tuned),2,14,0.8376086349904761,0.6432249654996782,0.6780487804878049,0.46488294314381273,0.5515873015873016,0.13812212749255798,0.4260644873516966,0.8827502706283424
