,mean |SHAP| (log-odds),ROC-AUC drop when shuffled,drop std
Contract,0.7673410630123797,0.09385729410809245,0.014211666531009146
internet service + add-ons,0.5072484585889019,0.06347070824397942,0.013085545518895866
tenure + charges,0.40453761450939973,0.05079926280310065,0.009937593063915165
tenure,0.3540873779306256,0.03766465484734539,0.009797500774432226
InternetService,0.2729952826445239,0.018692981593951448,0.009473284822936218
MonthlyCharges,0.15364126922643428,0.007484473389354274,0.0049243718603936065
OnlineSecurity,0.21777590005388212,0.004864925349675629,0.002758533374490994
PaymentMethod,0.14477632567937687,0.0046968685142168365,0.0020904094538100808
TechSupport,0.15466756653036104,0.003507166217408679,0.002053899193387796
PaperlessBilling,0.09745299683670422,0.0033621398250766933,0.0021099055830611697
TotalCharges,0.06480090276225135,0.002097815629895745,0.0013667996899339307
MultipleLines,0.0743385851404733,0.0020394285015538794,0.0015654434744416688
StreamingMovies,0.06471132633693442,0.0008362581356274967,0.001259583385273895
OnlineBackup,0.03974229931453954,0.0006482951786883406,0.0009040537449529059
StreamingTV,0.038933135093418794,0.00044602963912969694,0.0007634836195625988
SeniorCitizen,0.020955999748513178,0.00031101154777958496,0.0004867092001910198
Dependents,0.025783095061709702,0.0002193907959617647,0.0003833323536185459
gender,0.00199137263270481,2.7276859656648612e-05,0.00016332766899736944
DeviceProtection,0.0005100059884581607,2.746675714537794e-06,3.572530023654876e-05
Partner,0.0,0.0,0.0
