params,cv_roc_auc,cv_roc_auc_std,cv_pr_auc,train_roc_auc,overfit_gap,model,rank
"{'model__C': 10.0, 'model__l1_ratio': 0.0, 'model__solver': 'liblinear'}",0.8461828709690913,0.005735146973972397,0.6605565732372065,0.8499150502549991,0.003732179285907855,LogisticRegression,1
"{'model__C': 10.0, 'model__l1_ratio': 1.0, 'model__solver': 'liblinear'}",0.8461101609398799,0.0056422264098000005,0.6605913450507075,0.8499120196895591,0.003801858749679199,LogisticRegression,2
"{'model__C': 3.0, 'model__l1_ratio': 0.0, 'model__solver': 'liblinear'}",0.846094892947342,0.005601230570840565,0.6615277311709413,0.8498103125501105,0.003715419602768555,LogisticRegression,3
"{'model__C': 3.0, 'model__l1_ratio': 1.0, 'model__solver': 'liblinear'}",0.8460242376988285,0.00558365629691083,0.6616348002871419,0.8496934249975174,0.003669187298688925,LogisticRegression,4
"{'model__C': 1.0, 'model__l1_ratio': 0.0, 'model__solver': 'liblinear'}",0.8459575738141991,0.005573655020665754,0.6619944673295683,0.8495972942448713,0.0036397204306721775,LogisticRegression,5
"{'model__C': 1.0, 'model__l1_ratio': 1.0, 'model__solver': 'liblinear'}",0.8458658686634974,0.005454585723391805,0.6624513996881213,0.8494189203493591,0.003553051685861619,LogisticRegression,6
"{'model__C': 0.3, 'model__l1_ratio': 0.0, 'model__solver': 'liblinear'}",0.8456674985622396,0.005537201908710659,0.6617008122851149,0.8491936837424017,0.0035261851801621225,LogisticRegression,7
"{'model__C': 0.3, 'model__l1_ratio': 1.0, 'model__solver': 'liblinear'}",0.8455700701122237,0.005611624486159869,0.6619887418378909,0.8489211194048645,0.00335104929264074,LogisticRegression,8
"{'model__C': 0.1, 'model__l1_ratio': 0.0, 'model__solver': 'liblinear'}",0.8452440935873436,0.005790979039269236,0.6610600757842342,0.8484756359913661,0.0032315424040224583,LogisticRegression,9
"{'model__C': 0.1, 'model__l1_ratio': 1.0, 'model__solver': 'liblinear'}",0.8440644897537508,0.006422528812697507,0.6605210377414891,0.8467469785752828,0.002682488821531992,LogisticRegression,10
"{'model__C': 0.03, 'model__l1_ratio': 0.0, 'model__solver': 'liblinear'}",0.8440249155664382,0.006476334221214723,0.6595218618868353,0.8469865681237648,0.0029616525573266106,LogisticRegression,11
"{'model__C': 0.01, 'model__l1_ratio': 0.0, 'model__solver': 'liblinear'}",0.8424138776303318,0.007123474669758084,0.6576215365867367,0.8447239478748442,0.002310070244512352,LogisticRegression,12
"{'model__C': 0.003, 'model__l1_ratio': 0.0, 'model__solver': 'liblinear'}",0.8395594096931063,0.007835078214842538,0.6536601728094682,0.8410790774648509,0.001519667771744615,LogisticRegression,13
"{'model__C': 0.03, 'model__l1_ratio': 1.0, 'model__solver': 'liblinear'}",0.8395274870851637,0.006499026612510362,0.65288799741157,0.8414489082374546,0.0019214211522908808,LogisticRegression,14
"{'model__C': 0.001, 'model__l1_ratio': 0.0, 'model__solver': 'liblinear'}",0.8353489808864074,0.008614661901114467,0.645125098238229,0.8365342640295793,0.0011852831431719002,LogisticRegression,15
"{'model__C': 0.01, 'model__l1_ratio': 1.0, 'model__solver': 'liblinear'}",0.8195106931725269,0.008090897388965464,0.62896593149755,0.8207140661993911,0.0012033730268642406,LogisticRegression,16
"{'model__C': 0.003, 'model__l1_ratio': 1.0, 'model__solver': 'liblinear'}",0.794562605323995,0.013012881368014479,0.5985485198187546,0.7948391135627364,0.00027650823874136865,LogisticRegression,17
"{'model__C': 0.001, 'model__l1_ratio': 1.0, 'model__solver': 'liblinear'}",0.5,0.0,0.2653532460941748,0.5,0.0,LogisticRegression,18
"{'model__l2_regularization': np.float64(5.626265699005659), 'model__learning_rate': np.float64(0.015836308681309343), 'model__max_depth': 5, 'model__max_iter': 300, 'model__max_leaf_nodes': 7, 'model__min_samples_leaf': 200}",0.8489002151409606,0.0030638963291972974,0.6683843105021161,0.8654745733740354,0.01657435823307485,HistGradientBoosting,1
"{'model__l2_regularization': np.float64(3.8088682665730316), 'model__learning_rate': np.float64(0.024245851884448708), 'model__max_depth': 5, 'model__max_iter': 300, 'model__max_leaf_nodes': 7, 'model__min_samples_leaf': 200}",0.8484267901516116,0.0038491258467806774,0.6700303117482562,0.8706720509820919,0.022245260830480285,HistGradientBoosting,2
"{'model__l2_regularization': np.float64(0.23950484068646463), 'model__learning_rate': np.float64(0.021186133036143917), 'model__max_depth': 3, 'model__max_iter': 200, 'model__max_leaf_nodes': 31, 'model__min_samples_leaf': 200}",0.8480947855536696,0.0033637064954285777,0.6657430830858599,0.864037215468036,0.01594242991436645,HistGradientBoosting,3
"{'model__l2_regularization': np.float64(4.925187130911159), 'model__learning_rate': np.float64(0.02197582907524181), 'model__max_depth': None, 'model__max_iter': 200, 'model__max_leaf_nodes': 15, 'model__min_samples_leaf': 20}",0.8480743315232312,0.004303867530518691,0.6682405043283686,0.8843636674221477,0.036289335898916475,HistGradientBoosting,4
"{'model__l2_regularization': np.float64(4.490097752113332), 'model__learning_rate': np.float64(0.012328680151983719), 'model__max_depth': 5, 'model__max_iter': 200, 'model__max_leaf_nodes': 31, 'model__min_samples_leaf': 20}",0.8476982402305214,0.004102987590104091,0.6652409125718789,0.8822019341149611,0.034503693884439635,HistGradientBoosting,5
"{'model__l2_regularization': np.float64(0.030970479107902616), 'model__learning_rate': np.float64(0.054372029379012025), 'model__max_depth': 5, 'model__max_iter': 200, 'model__max_leaf_nodes': 7, 'model__min_samples_leaf': 200}",0.8470287109178221,0.004382022717618632,0.6678619344421094,0.8780854890040304,0.031056778086208325,HistGradientBoosting,6
"{'model__l2_regularization': np.float64(7.68883189400676), 'model__learning_rate': np.float64(0.0317239257884236), 'model__max_depth': None, 'model__max_iter': 100, 'model__max_leaf_nodes': 15, 'model__min_samples_leaf': 200}",0.846978006627696,0.0018139425316862068,0.663904943735427,0.8668162051441304,0.019838198516434424,HistGradientBoosting,7
"{'model__l2_regularization': np.float64(0.004473189848307819), 'model__learning_rate': np.float64(0.03281792425461974), 'model__max_depth': 5, 'model__max_iter': 200, 'model__max_leaf_nodes': 31, 'model__min_samples_leaf': 200}",0.8465623587307745,0.003950708928914805,0.6673385298040011,0.8797508990218468,0.03318854029107232,HistGradientBoosting,8
"{'model__l2_regularization': np.float64(0.2935944917127716), 'model__learning_rate': np.float64(0.01362902275962032), 'model__max_depth': 5, 'model__max_iter': 200, 'model__max_leaf_nodes': 31, 'model__min_samples_leaf': 50}",0.846448814392026,0.003113211375908636,0.6657946466400589,0.8837948079412612,0.03734599354923518,HistGradientBoosting,9
"{'model__l2_regularization': np.float64(0.0011311273585222232), 'model__learning_rate': np.float64(0.02330253607073558), 'model__max_depth': None, 'model__max_iter': 100, 'model__max_leaf_nodes': 31, 'model__min_samples_leaf': 200}",0.8463883988576377,0.0017407163283058636,0.6643736268214208,0.8655200540738331,0.01913165521619542,HistGradientBoosting,10
"{'model__l2_regularization': np.float64(0.0028854813096126047), 'model__learning_rate': np.float64(0.062003161858061866), 'model__max_depth': 3, 'model__max_iter': 300, 'model__max_leaf_nodes': 7, 'model__min_samples_leaf': 200}",0.8449064467677191,0.003758447158597471,0.664031673179687,0.8811654650353848,0.036259018267665755,HistGradientBoosting,11
"{'model__l2_regularization': np.float64(0.021346050870980217), 'model__learning_rate': np.float64(0.03530680760411275), 'model__max_depth': 5, 'model__max_iter': 300, 'model__max_leaf_nodes': 31, 'model__min_samples_leaf': 50}",0.8431960052132721,0.00525328462157681,0.6641078797723085,0.9137167685854051,0.07052076337213298,HistGradientBoosting,12
"{'model__l2_regularization': np.float64(9.425186870066446), 'model__learning_rate': np.float64(0.09061560651847214), 'model__max_depth': 5, 'model__max_iter': 200, 'model__max_leaf_nodes': 31, 'model__min_samples_leaf': 50}",0.8428374735772394,0.004338549899841541,0.6625232392186653,0.9116873114347369,0.06884983785749754,HistGradientBoosting,13
"{'model__l2_regularization': np.float64(1.9178993847998362), 'model__learning_rate': np.float64(0.15900176452419804), 'model__max_depth': 3, 'model__max_iter': 300, 'model__max_leaf_nodes': 15, 'model__min_samples_leaf': 200}",0.841875022503927,0.003918988320217537,0.6603033296294389,0.8971298393610951,0.055254816857168154,HistGradientBoosting,14
"{'model__l2_regularization': np.float64(0.11685152444091182), 'model__learning_rate': np.float64(0.10865157514714865), 'model__max_depth': 5, 'model__max_iter': 300, 'model__max_leaf_nodes': 7, 'model__min_samples_leaf': 200}",0.8414931483247281,0.00424402059057927,0.6618221405961394,0.899625901640453,0.05813275331572487,HistGradientBoosting,15
"{'model__l2_regularization': np.float64(0.47741779969256914), 'model__learning_rate': np.float64(0.012803686719837252), 'model__max_depth': 3, 'model__max_iter': 100, 'model__max_leaf_nodes': 31, 'model__min_samples_leaf': 50}",0.8414266812731439,0.005394874974983414,0.6471837255371258,0.8512953271670082,0.00986864589386427,HistGradientBoosting,16
"{'model__l2_regularization': np.float64(0.0010033362459740947), 'model__learning_rate': np.float64(0.11810163681533503), 'model__max_depth': 3, 'model__max_iter': 200, 'model__max_leaf_nodes': 7, 'model__min_samples_leaf': 20}",0.8413291458592648,0.00555924432985311,0.6611662747512477,0.9023944934051211,0.06106534754585635,HistGradientBoosting,17
"{'model__l2_regularization': np.float64(0.01838170889617177), 'model__learning_rate': np.float64(0.012581733219175353), 'model__max_depth': 5, 'model__max_iter': 100, 'model__max_leaf_nodes': 7, 'model__min_samples_leaf': 50}",0.8413168186403374,0.004758077021332108,0.6511312459933268,0.8512543009874388,0.009937482347101456,HistGradientBoosting,18
"{'model__l2_regularization': np.float64(0.02034961622498155), 'model__learning_rate': np.float64(0.1311485961433001), 'model__max_depth': 5, 'model__max_iter': 300, 'model__max_leaf_nodes': 7, 'model__min_samples_leaf': 200}",0.8412815635463715,0.004239792863051164,0.6620953843646559,0.90487444299142,0.06359287944504843,HistGradientBoosting,19
"{'model__l2_regularization': np.float64(0.6139672790727319), 'model__learning_rate': np.float64(0.01170568301345766), 'model__max_depth': 3, 'model__max_iter': 100, 'model__max_leaf_nodes': 7, 'model__min_samples_leaf': 20}",0.8411625581895628,0.005388119636045312,0.6466324750276422,0.8498123697693284,0.008649811579765632,HistGradientBoosting,20
"{'model__l2_regularization': np.float64(0.0016886503975968156), 'model__learning_rate': np.float64(0.1341330739532593), 'model__max_depth': None, 'model__max_iter': 100, 'model__max_leaf_nodes': 15, 'model__min_samples_leaf': 20}",0.8401294801960656,0.00608354626480016,0.6623795271137995,0.9343274613566438,0.0941979811605782,HistGradientBoosting,21
"{'model__l2_regularization': np.float64(0.054061650671545135), 'model__learning_rate': np.float64(0.19577422105639614), 'model__max_depth': 3, 'model__max_iter': 300, 'model__max_leaf_nodes': 7, 'model__min_samples_leaf': 200}",0.839381441361404,0.005659502225449515,0.6567648545388993,0.903119239501029,0.06373779813962499,HistGradientBoosting,22
"{'model__l2_regularization': np.float64(0.00257614980694688), 'model__learning_rate': np.float64(0.1689301253234604), 'model__max_depth': None, 'model__max_iter': 200, 'model__max_leaf_nodes': 7, 'model__min_samples_leaf': 50}",0.8389563782024176,0.006552043489694807,0.6575489428153879,0.9194756490743325,0.0805192708719149,HistGradientBoosting,23
"{'model__l2_regularization': np.float64(0.012654212015718537), 'model__learning_rate': np.float64(0.1467895355878585), 'model__max_depth': None, 'model__max_iter': 200, 'model__max_leaf_nodes': 31, 'model__min_samples_leaf': 200}",0.8317452403669469,0.004543113736762165,0.6452487488721167,0.9346686978861689,0.10292345751922205,HistGradientBoosting,24
"{'model__l2_regularization': np.float64(0.23866940327007696), 'model__learning_rate': np.float64(0.18031237046141677), 'model__max_depth': None, 'model__max_iter': 300, 'model__max_leaf_nodes': 31, 'model__min_samples_leaf': 20}",0.8128695359708337,0.005922815058324295,0.6101843682472012,0.9994624714435293,0.18659293547269562,HistGradientBoosting,25
"{'model__max_features': 'sqrt', 'model__min_samples_leaf': 20, 'model__n_jobs': 1}",0.8478762437284255,0.004505785077793469,0.663623579201911,0.8797203448499499,0.03184410112152436,RandomForest,1
"{'model__max_features': 0.3, 'model__min_samples_leaf': 50, 'model__n_jobs': 1}",0.8470981206966947,0.00410288719496362,0.661803561971005,0.8654518348159268,0.018353714119232145,RandomForest,2
"{'model__max_features': 'sqrt', 'model__min_samples_leaf': 10, 'model__n_jobs': 1}",0.8470403255327469,0.0037005574495949213,0.6633544298469862,0.9018958923462126,0.054855566813465706,RandomForest,3
"{'model__max_features': 0.3, 'model__min_samples_leaf': 20, 'model__n_jobs': 1}",0.8470278322512008,0.0035550551627579097,0.6638751253797928,0.8874025615378184,0.04037472928661756,RandomForest,4
"{'model__max_features': 'sqrt', 'model__min_samples_leaf': 50, 'model__n_jobs': 1}",0.846513847444055,0.005582166845479047,0.6599240321569959,0.8616684606955303,0.015154613251475268,RandomForest,5
"{'model__max_features': 0.5, 'model__min_samples_leaf': 50, 'model__n_jobs': 1}",0.8459898085221813,0.0033946672686563264,0.6611537639420428,0.8680211541507126,0.022031345628531263,RandomForest,6
"{'model__max_features': 0.5, 'model__min_samples_leaf': 20, 'model__n_jobs': 1}",0.8457346684494368,0.00344358044418661,0.6642667234587607,0.8931345837158279,0.04739991526639109,RandomForest,7
"{'model__max_features': 0.3, 'model__min_samples_leaf': 10, 'model__n_jobs': 1}",0.8456979715412043,0.004493492158418189,0.6646169927889419,0.9142955749497957,0.06859760340859145,RandomForest,8
"{'model__max_features': 'sqrt', 'model__min_samples_leaf': 5, 'model__n_jobs': 1}",0.845020295880215,0.004723691210631291,0.6614118932733364,0.9345065209131075,0.0894862250328925,RandomForest,9
"{'model__max_features': 0.5, 'model__min_samples_leaf': 10, 'model__n_jobs': 1}",0.8434381381871914,0.00400383629857826,0.6626841104622455,0.9232942013292169,0.07985606314202554,RandomForest,10
"{'model__max_features': 0.3, 'model__min_samples_leaf': 5, 'model__n_jobs': 1}",0.8413854669732613,0.00559795958038298,0.6579294452933439,0.9508169664912176,0.10943149951795628,RandomForest,11
"{'model__max_features': 0.5, 'model__min_samples_leaf': 5, 'model__n_jobs': 1}",0.838605105456503,0.005652335791034495,0.6550824137895684,0.9614708772605279,0.12286577180402491,RandomForest,12
"{'model__max_features': 0.3, 'model__min_samples_leaf': 1, 'model__n_jobs': 1}",0.8252978679845551,0.006324399801675078,0.6317434572414011,0.9999649763330826,0.1746671083485275,RandomForest,13
"{'model__max_features': 'sqrt', 'model__min_samples_leaf': 1, 'model__n_jobs': 1}",0.8238636808764106,0.007002683696496832,0.623865556380012,0.9999632090179057,0.1760995281414951,RandomForest,14
"{'model__max_features': 0.5, 'model__min_samples_leaf': 1, 'model__n_jobs': 1}",0.8221071833199047,0.006525872514159985,0.6322470304240374,0.9999639662208489,0.1778567829009442,RandomForest,15
